date,runner,activity,amount,note,submitted_at,submitted_by
2026-10-01,Pong,run,7.52,SIM,2026-10-01 06:05:00,A
2026-10-01,Giftfy,walk,4208,SIM,2026-10-01 06:18:00,A
2026-10-01,Yean,walk,5104,SIM,2026-10-01 07:35:00,A
2026-10-01,Namtan,treadmill,2.45,SIM,2026-10-01 06:20:00,A
2026-10-01,IFon,run,6.49,SIM,2026-10-01 21:23:00,A
2026-10-01,Pok,run,4.76,SIM,2026-10-01 22:48:00,B
2026-10-01,Ann,run,3.79,SIM,2026-10-01 13:07:00,B
2026-10-01,Nutty,bike,15.2,SIM,2026-10-01 20:59:00,B
2026-10-01,PukPick,walk,5110,SIM,2026-10-01 07:42:00,B
2026-10-01,Koi,swim,35,SIM,2026-10-01 07:52:00,B
2026-10-01,May,walk,6507,SIM,2026-10-01 18:55:00,C
2026-10-01,Thailand,basketball,93,SIM,2026-10-01 21:15:00,C
2026-10-01,Gib,tennis,17,SIM,2026-10-01 06:40:00,C
2026-10-01,KhaiMook,treadmill,2.02,SIM,2026-10-01 19:51:00,C
2026-10-01,Tee,walk,11044,SIM,2026-10-01 06:30:00,C
2026-10-01,Bird,walk,11840,SIM,2026-10-01 20:57:00,C
2026-10-01,Peh,run,8.82,SIM,2026-10-01 22:53:00,D
2026-10-01,Tag,swim,103,SIM,2026-10-01 18:09:00,D
2026-10-01,Kob,run,3.22,SIM,2026-10-01 19:07:00,D
2026-10-01,Jay,run,6.15,SIM,2026-10-01 22:23:00,D
2026-10-01,Mork,run,3.25,SIM,2026-10-01 07:30:00,D
2026-10-01,Oam,walk,5651,SIM,2026-10-01 07:16:00,E
2026-10-01,Bee,swim,32,SIM,2026-10-01 12:37:00,E
2026-10-01,Kim,gym,28,SIM,2026-10-01 13:30:00,E
2026-10-01,Bun,run,5.33,SIM,2026-10-01 07:46:00,E
2026-10-01,Not,run,7.29,SIM,2026-10-01 06:06:00,F
2026-10-01,Nummon,bike,21.6,SIM,2026-10-01 07:47:00,F
2026-10-01,P'Aey,bike,23.6,SIM,2026-10-01 13:09:00,F
2026-10-01,Tomz,walk,5935,SIM,2026-10-01 19:55:00,F
2026-10-01,Ozone,treadmill,4.80,SIM,2026-10-01 12:03:00,F
2026-10-01,Nui,treadmill,2.74,SIM,2026-10-01 07:14:00,G
2026-10-01,Koon,walk,7756,SIM,2026-10-01 06:25:00,G
2026-10-01,Aor,walk,7147,SIM,2026-10-01 07:52:00,G
2026-10-01,Golf,run,6.18,SIM,2026-10-01 07:25:00,G
2026-10-01,Ploy,bike,12.8,SIM,2026-10-01 22:22:00,G
2026-10-02,Pong,run,3.00,SIM,2026-10-02 07:28:00,A
2026-10-02,Giftfy,bike,11.1,SIM,2026-10-02 06:24:00,A
2026-10-02,Yean,walk,5623,SIM,2026-10-02 08:05:00,A
2026-10-02,Namtan,treadmill,5.69,SIM,2026-10-02 06:21:00,A
2026-10-02,IFon,run,4.22,SIM,2026-10-02 20:44:00,A
2026-10-02,Pok,run,5.57,SIM,2026-10-02 22:03:00,B
2026-10-02,Ann,run,1.90,SIM,2026-10-02 13:42:00,B
2026-10-02,Nutty,bike,22.9,SIM,2026-10-02 20:01:00,B
2026-10-02,PukPick,jumprope,34,SIM,2026-10-02 06:51:00,B
2026-10-02,Koi,walk,9132,SIM,2026-10-02 07:22:00,B
2026-10-02,May,walk,13478,SIM,2026-10-02 18:31:00,C
2026-10-02,Thailand,walk,5587,SIM,2026-10-02 21:22:00,C
2026-10-02,Gib,tennis,27,SIM,2026-10-02 06:42:00,C
2026-10-02,KhaiMook,tennis,56,SIM,2026-10-02 19:18:00,C
2026-10-02,Tee,walk,11759,SIM,2026-10-02 07:19:00,C
2026-10-02,Bird,treadmill,4.63,SIM,2026-10-02 19:54:00,C
2026-10-02,Peh,run,4.58,SIM,2026-10-02 21:56:00,D
2026-10-02,Tag,run,4.56,SIM,2026-10-02 18:29:00,D
2026-10-02,Kob,run,5.07,SIM,2026-10-02 19:14:00,D
2026-10-02,Jay,run,4.00,SIM,2026-10-02 21:11:00,D
2026-10-02,Mork,run,5.80,SIM,2026-10-02 07:53:00,D
2026-10-02,O,tennis,56,SIM,2026-10-02 19:04:00,E
2026-10-02,Bee,swim,21,SIM,2026-10-02 13:06:00,E
2026-10-02,Kim,bike,16.6,SIM,2026-10-02 12:48:00,E
2026-10-02,Bun,run,4.51,SIM,2026-10-02 07:26:00,E
2026-10-02,Not,run,7.61,SIM,2026-10-02 06:38:00,F
2026-10-02,Nummon,run,8.94,SIM,2026-10-02 08:26:00,F
2026-10-02,P'Aey,run,5.81,SIM,2026-10-02 12:35:00,F
2026-10-02,Tomz,walk,12776,SIM,2026-10-02 18:40:00,F
2026-10-02,Ozone,treadmill,3.92,SIM,2026-10-02 12:16:00,F
2026-10-02,Time,treadmill,3.50,SIM,2026-10-02 06:51:00,G
2026-10-02,Koon,walk,6874,SIM,2026-10-02 07:44:00,G
2026-10-02,Aor,bike,16.8,SIM,2026-10-02 06:41:00,G
2026-10-02,Golf,basketball,88,SIM,2026-10-02 07:56:00,G
2026-10-02,Ploy,treadmill,3.08,SIM,2026-10-02 21:54:00,G
2026-10-03,Pong,walk,7723,SIM,2026-10-03 06:05:00,A
2026-10-03,Giftfy,walk,9982,SIM,2026-10-03 07:08:00,A
2026-10-03,Namtan,treadmill,2.75,SIM,2026-10-03 07:57:00,A
2026-10-03,IFon,run,5.54,SIM,2026-10-03 20:24:00,A
2026-10-03,Pok,run,2.84,SIM,2026-10-03 22:02:00,B
2026-10-03,Ann,bike,9.7,SIM,2026-10-03 13:46:00,B
2026-10-03,PukPick,walk,7161,SIM,2026-10-03 07:11:00,B
2026-10-03,Koi,swim,28,SIM,2026-10-03 07:43:00,B
2026-10-03,May,walk,10905,SIM,2026-10-03 18:57:00,C
2026-10-03,Thailand,walk,7168,SIM,2026-10-03 20:21:00,C
2026-10-03,Gib,tennis,15,SIM,2026-10-03 06:54:00,C
2026-10-03,KhaiMook,tennis,45,SIM,2026-10-03 18:59:00,C
2026-10-03,Tee,walk,14374,SIM,2026-10-03 07:39:00,C
2026-10-03,Bird,tennis,45,SIM,2026-10-03 19:21:00,C
2026-10-03,Peh,run,8.90,SIM,2026-10-03 22:35:00,D
2026-10-03,Tag,run,5.05,SIM,2026-10-03 19:32:00,D
2026-10-03,Jay,run,5.01,SIM,2026-10-03 22:01:00,D
2026-10-03,Mork,run,7.48,SIM,2026-10-03 06:39:00,D
2026-10-03,O,treadmill,4.22,SIM,2026-10-03 19:18:00,E
2026-10-03,Bee,swim,50,SIM,2026-10-03 13:14:00,E
2026-10-03,Kim,gym,49,SIM,2026-10-03 13:17:00,E
2026-10-03,Not,run,8.55,SIM,2026-10-03 06:46:00,F
2026-10-03,Nummon,run,2.87,SIM,2026-10-03 07:33:00,F
2026-10-03,P'Aey,run,4.25,SIM,2026-10-03 12:23:00,F
2026-10-03,Tomz,walk,9865,SIM,2026-10-03 18:38:00,F
2026-10-03,Ozone,treadmill,5.82,SIM,2026-10-03 12:09:00,F
2026-10-03,Nui,treadmill,3.69,SIM,2026-10-03 07:31:00,G
2026-10-03,Koon,badminton,29,SIM,2026-10-03 06:48:00,G
2026-10-03,Aor,bike,16.4,SIM,2026-10-03 07:13:00,G
2026-10-03,Golf,run,5.55,SIM,2026-10-03 08:48:00,G
2026-10-04,Pong,run,3.52,SIM,2026-10-04 07:26:00,A
2026-10-04,Giftfy,run,3.64,SIM,2026-10-04 06:42:00,A
2026-10-04,Yean,walk,5695,SIM,2026-10-04 08:54:00,A
2026-10-04,Namtan,treadmill,5.18,SIM,2026-10-04 07:03:00,A
2026-10-04,IFon,run,4.09,SIM,2026-10-04 20:43:00,A
2026-10-04,Ann,run,2.04,SIM,2026-10-04 13:36:00,B
2026-10-04,Nutty,bike,21.6,SIM,2026-10-04 20:08:00,B
2026-10-04,PukPick,bike,12.7,SIM,2026-10-04 07:30:00,B
2026-10-04,Koi,swim,46,SIM,2026-10-04 07:06:00,B
2026-10-04,May,walk,14398,SIM,2026-10-04 19:13:00,C
2026-10-04,Thailand,treadmill,4.55,SIM,2026-10-04 20:12:00,C
2026-10-04,Gib,walk,3968,SIM,2026-10-04 06:12:00,C
2026-10-04,KhaiMook,tennis,42,SIM,2026-10-04 18:30:00,C
2026-10-04,Tee,walk,6170,SIM,2026-10-04 07:04:00,C
2026-10-04,Bird,tennis,88,SIM,2026-10-04 20:35:00,C
2026-10-04,Peh,run,5.95,SIM,2026-10-04 22:01:00,D
2026-10-04,Tag,walk,5700,SIM,2026-10-04 19:23:00,D
2026-10-04,Kob,run,6.11,SIM,2026-10-04 19:30:00,D
2026-10-04,Jay,run,5.04,SIM,2026-10-04 22:25:00,D
2026-10-04,Mork,run,4.37,SIM,2026-10-04 07:47:00,D
2026-10-04,Oam,treadmill,1.60,SIM,2026-10-04 07:58:00,E
2026-10-04,Bee,swim,22,SIM,2026-10-04 12:57:00,E
2026-10-04,Kim,walk,9406,SIM,2026-10-04 13:41:00,E
2026-10-04,Not,run,6.66,SIM,2026-10-04 06:28:00,F
2026-10-04,Nummon,run,3.39,SIM,2026-10-04 07:37:00,F
2026-10-04,P'Aey,run,6.19,SIM,2026-10-04 12:37:00,F
2026-10-04,Tomz,run,3.44,SIM,2026-10-04 19:30:00,F
2026-10-04,Ozone,treadmill,4.50,SIM,2026-10-04 12:54:00,F
2026-10-04,Time,treadmill,3.65,SIM,2026-10-04 07:50:00,G
2026-10-04,Nui,treadmill,2.54,SIM,2026-10-04 08:51:00,G
2026-10-04,Koon,walk,8467,SIM,2026-10-04 07:57:00,G
2026-10-04,Aor,run,4.73,SIM,2026-10-04 07:08:00,G
2026-10-04,Golf,run,6.77,SIM,2026-10-04 07:57:00,G
2026-10-04,Ploy,basketball,26,SIM,2026-10-04 21:44:00,G
2026-10-05,Pong,tennis,74,SIM,2026-10-05 07:52:00,A
2026-10-05,Giftfy,walk,5973,SIM,2026-10-05 06:31:00,A
2026-10-05,Yean,walk,4231,SIM,2026-10-05 07:35:00,A
2026-10-05,Namtan,treadmill,5.19,SIM,2026-10-05 07:41:00,A
2026-10-05,IFon,run,2.94,SIM,2026-10-05 21:24:00,A
2026-10-05,Ann,treadmill,1.38,SIM,2026-10-05 12:31:00,B
2026-10-05,Nutty,bike,8.9,SIM,2026-10-05 20:56:00,B
2026-10-05,PukPick,walk,7181,SIM,2026-10-05 07:16:00,B
2026-10-05,Koi,swim,28,SIM,2026-10-05 06:10:00,B
2026-10-05,May,basketball,48,SIM,2026-10-05 19:59:00,C
2026-10-05,Thailand,walk,10991,SIM,2026-10-05 20:36:00,C
2026-10-05,Gib,tennis,28,SIM,2026-10-05 06:28:00,C
2026-10-05,KhaiMook,tennis,23,SIM,2026-10-05 18:01:00,C
2026-10-05,Tee,jumprope,88,SIM,2026-10-05 06:21:00,C
2026-10-05,Bird,tennis,49,SIM,2026-10-05 20:36:00,C
2026-10-05,Peh,run,4.29,SIM,2026-10-05 21:14:00,D
2026-10-05,Tag,run,7.37,SIM,2026-10-05 18:53:00,D
2026-10-05,Jay,run,4.35,SIM,2026-10-05 21:42:00,D
2026-10-05,O,tennis,78,SIM,2026-10-05 19:14:00,E
2026-10-05,Oam,treadmill,2.36,SIM,2026-10-05 07:42:00,E
2026-10-05,Bee,swim,35,SIM,2026-10-05 12:32:00,E
2026-10-05,Kim,bike,13.3,SIM,2026-10-05 12:12:00,E
2026-10-05,Bun,run,4.18,SIM,2026-10-05 07:19:00,E
2026-10-05,Not,run,4.91,SIM,2026-10-05 06:48:00,F
2026-10-05,Nummon,badminton,78,SIM,2026-10-05 07:13:00,F
2026-10-05,P'Aey,run,3.67,SIM,2026-10-05 12:20:00,F
2026-10-05,Tomz,walk,5212,SIM,2026-10-05 19:50:00,F
2026-10-05,Ozone,treadmill,6.59,SIM,2026-10-05 13:43:00,F
2026-10-05,Time,treadmill,2.84,SIM,2026-10-05 06:27:00,G
2026-10-05,Nui,treadmill,2.91,SIM,2026-10-05 07:39:00,G
2026-10-05,Koon,walk,5775,SIM,2026-10-05 06:09:00,G
2026-10-05,Aor,bike,30.0,SIM,2026-10-05 06:50:00,G
2026-10-05,Golf,run,8.01,SIM,2026-10-05 08:08:00,G
2026-10-05,Ploy,basketball,28,SIM,2026-10-05 22:04:00,G
2026-10-06,Pong,run,6.54,SIM,2026-10-06 07:35:00,A
2026-10-06,Giftfy,walk,6622,SIM,2026-10-06 07:05:00,A
2026-10-06,Yean,run,2.00,SIM,2026-10-06 08:51:00,A
2026-10-06,Namtan,run,2.66,SIM,2026-10-06 07:24:00,A
2026-10-06,IFon,run,9.15,SIM,2026-10-06 21:58:00,A
2026-10-06,Pok,run,5.54,SIM,2026-10-06 22:25:00,B
2026-10-06,Ann,treadmill,1.81,SIM,2026-10-06 13:14:00,B
2026-10-06,Nutty,bike,12.2,SIM,2026-10-06 20:14:00,B
2026-10-06,PukPick,walk,2505,SIM,2026-10-06 07:14:00,B
2026-10-06,Koi,run,2.59,SIM,2026-10-06 07:34:00,B
2026-10-06,May,walk,7593,SIM,2026-10-06 19:41:00,C
2026-10-06,Thailand,walk,9353,SIM,2026-10-06 21:09:00,C
2026-10-06,Gib,walk,6766,SIM,2026-10-06 06:44:00,C
2026-10-06,KhaiMook,tennis,20,SIM,2026-10-06 19:08:00,C
2026-10-06,Tee,walk,5972,SIM,2026-10-06 07:40:00,C
2026-10-06,Bird,tennis,100,SIM,2026-10-06 19:47:00,C
2026-10-06,Peh,treadmill,3.66,SIM,2026-10-06 21:14:00,D
2026-10-06,Tag,run,8.43,SIM,2026-10-06 19:05:00,D
2026-10-06,Kob,run,5.24,SIM,2026-10-06 20:17:00,D
2026-10-06,Mork,yoga,77,SIM,2026-10-06 07:11:00,D
2026-10-06,O,tennis,24,SIM,2026-10-06 19:25:00,E
2026-10-06,Oam,walk,6625,SIM,2026-10-06 07:05:00,E
2026-10-06,Bee,swim,37,SIM,2026-10-06 13:27:00,E
2026-10-06,Kim,walk,10327,SIM,2026-10-06 12:51:00,E
2026-10-06,Bun,run,2.70,SIM,2026-10-06 07:12:00,E
2026-10-06,Not,run,6.81,SIM,2026-10-06 06:20:00,F
2026-10-06,Nummon,run,7.16,SIM,2026-10-06 07:05:00,F
2026-10-06,P'Aey,bike,13.7,SIM,2026-10-06 13:47:00,F
2026-10-06,Tomz,walk,13588,SIM,2026-10-06 19:29:00,F
2026-10-06,Ozone,treadmill,4.90,SIM,2026-10-06 13:49:00,F
2026-10-06,Time,treadmill,2.16,SIM,2026-10-06 07:21:00,G
2026-10-06,Nui,treadmill,3.45,SIM,2026-10-06 08:00:00,G
2026-10-06,Koon,walk,9923,SIM,2026-10-06 07:50:00,G
2026-10-06,Aor,bike,11.3,SIM,2026-10-06 06:36:00,G
2026-10-06,Golf,run,8.38,SIM,2026-10-06 08:24:00,G
2026-10-06,Ploy,basketball,72,SIM,2026-10-06 22:50:00,G
2026-10-07,Pong,run,4.40,SIM,2026-10-07 07:45:00,A
2026-10-07,Giftfy,walk,5895,SIM,2026-10-07 07:40:00,A
2026-10-07,Yean,walk,4227,SIM,2026-10-07 07:12:00,A
2026-10-07,Namtan,treadmill,4.09,SIM,2026-10-07 06:22:00,A
2026-10-07,IFon,walk,5454,SIM,2026-10-07 20:11:00,A
2026-10-07,Pok,run,3.90,SIM,2026-10-07 22:32:00,B
2026-10-07,Ann,run,4.19,SIM,2026-10-07 12:22:00,B
2026-10-07,Nutty,bike,15.7,SIM,2026-10-07 20:22:00,B
2026-10-07,Koi,swim,34,SIM,2026-10-07 07:45:00,B
2026-10-07,May,walk,10717,SIM,2026-10-07 18:11:00,C
2026-10-07,Thailand,walk,8419,SIM,2026-10-07 20:17:00,C
2026-10-07,Gib,run,3.97,SIM,2026-10-07 06:35:00,C
2026-10-07,KhaiMook,tennis,54,SIM,2026-10-07 18:24:00,C
2026-10-07,Tee,walk,7179,SIM,2026-10-07 06:23:00,C
2026-10-07,Bird,run,7.24,SIM,2026-10-07 20:30:00,C
2026-10-07,Peh,run,5.32,SIM,2026-10-07 21:02:00,D
2026-10-07,Tag,run,3.70,SIM,2026-10-07 18:07:00,D
2026-10-07,Kob,treadmill,5.52,SIM,2026-10-07 20:24:00,D
2026-10-07,Jay,jumprope,56,SIM,2026-10-07 22:01:00,D
2026-10-07,Mork,run,5.44,SIM,2026-10-07 07:18:00,D
2026-10-07,O,tennis,47,SIM,2026-10-07 19:55:00,E
2026-10-07,Oam,walk,5923,SIM,2026-10-07 06:10:00,E
2026-10-07,Bee,swim,14,SIM,2026-10-07 12:33:00,E
2026-10-07,Kim,gym,56,SIM,2026-10-07 13:04:00,E
2026-10-07,Bun,bike,16.6,SIM,2026-10-07 06:52:00,E
2026-10-07,Not,run,6.59,SIM,2026-10-07 06:00:00,F
2026-10-07,Nummon,run,3.60,SIM,2026-10-07 08:28:00,F
2026-10-07,P'Aey,run,4.27,SIM,2026-10-07 12:22:00,F
2026-10-07,Tomz,walk,8093,SIM,2026-10-07 19:45:00,F
2026-10-07,Ozone,run,3.83,SIM,2026-10-07 13:30:00,F
2026-10-07,Time,treadmill,1.88,SIM,2026-10-07 07:24:00,G
2026-10-07,Nui,treadmill,1.86,SIM,2026-10-07 08:51:00,G
2026-10-07,Koon,walk,5836,SIM,2026-10-07 06:28:00,G
2026-10-07,Aor,bike,26.0,SIM,2026-10-07 07:40:00,G
2026-10-07,Ploy,basketball,48,SIM,2026-10-07 21:20:00,G
2026-10-08,Pong,bike,22.2,SIM,2026-10-08 06:05:00,A
2026-10-08,Giftfy,run,1.97,SIM,2026-10-08 06:00:00,A
2026-10-08,Yean,walk,3724,SIM,2026-10-08 08:16:00,A
2026-10-08,Namtan,badminton,31,SIM,2026-10-08 07:02:00,A
2026-10-08,IFon,run,2.75,SIM,2026-10-08 21:47:00,A
2026-10-08,Pok,run,5.80,SIM,2026-10-08 21:23:00,B
2026-10-08,Ann,run,1.52,SIM,2026-10-08 12:56:00,B
2026-10-08,Nutty,bike,10.1,SIM,2026-10-08 21:38:00,B
2026-10-08,PukPick,walk,3983,SIM,2026-10-08 06:14:00,B
2026-10-08,Koi,swim,21,SIM,2026-10-08 06:29:00,B
2026-10-08,May,walk,8957,SIM,2026-10-08 19:09:00,C
2026-10-08,Thailand,bike,22.7,SIM,2026-10-08 21:25:00,C
2026-10-08,Gib,tennis,28,SIM,2026-10-08 07:49:00,C
2026-10-08,KhaiMook,tennis,38,SIM,2026-10-08 19:55:00,C
2026-10-08,Tee,jumprope,51,SIM,2026-10-08 07:35:00,C
2026-10-08,Bird,tennis,69,SIM,2026-10-08 19:04:00,C
2026-10-08,Peh,run,7.33,SIM,2026-10-08 22:21:00,D
2026-10-08,Tag,run,6.32,SIM,2026-10-08 18:12:00,D
2026-10-08,Kob,run,4.51,SIM,2026-10-08 20:29:00,D
2026-10-08,Jay,run,5.23,SIM,2026-10-08 21:30:00,D
2026-10-08,Mork,run,6.50,SIM,2026-10-08 07:31:00,D
2026-10-08,O,tennis,38,SIM,2026-10-08 19:16:00,E
2026-10-08,Oam,bike,16.5,SIM,2026-10-08 06:36:00,E
2026-10-08,Bee,run,3.07,SIM,2026-10-08 12:00:00,E
2026-10-08,Kim,gym,77,SIM,2026-10-08 13:23:00,E
2026-10-08,Bun,badminton,62,SIM,2026-10-08 06:47:00,E
2026-10-08,Not,run,4.35,SIM,2026-10-08 06:42:00,F
2026-10-08,P'Aey,run,3.32,SIM,2026-10-08 13:45:00,F
2026-10-08,Time,treadmill,3.89,SIM,2026-10-08 06:31:00,G
2026-10-08,Nui,treadmill,2.32,SIM,2026-10-08 07:53:00,G
2026-10-08,Koon,walk,8629,SIM,2026-10-08 07:11:00,G
2026-10-08,Aor,gym,39,SIM,2026-10-08 06:42:00,G
2026-10-08,Golf,treadmill,6.53,SIM,2026-10-08 07:46:00,G
2026-10-08,Ploy,basketball,59,SIM,2026-10-08 21:45:00,G
2026-10-09,Pong,run,4.57,SIM,2026-10-09 07:15:00,A
2026-10-09,Giftfy,walk,3618,SIM,2026-10-09 06:13:00,A
2026-10-09,Yean,walk,6301,SIM,2026-10-09 08:11:00,A
2026-10-09,Namtan,treadmill,3.44,SIM,2026-10-09 06:27:00,A
2026-10-09,IFon,run,8.89,SIM,2026-10-09 20:26:00,A
2026-10-09,Pok,run,4.14,SIM,2026-10-09 22:36:00,B
2026-10-09,Ann,run,3.38,SIM,2026-10-09 13:35:00,B
2026-10-09,Nutty,bike,21.2,SIM,2026-10-09 20:01:00,B
2026-10-09,PukPick,walk,5803,SIM,2026-10-09 06:30:00,B
2026-10-09,Koi,run,4.09,SIM,2026-10-09 07:35:00,B
2026-10-09,May,bike,15.7,SIM,2026-10-09 19:34:00,C
2026-10-09,Thailand,walk,5852,SIM,2026-10-09 21:03:00,C
2026-10-09,Gib,tennis,14,SIM,2026-10-09 06:49:00,C
2026-10-09,KhaiMook,tennis,49,SIM,2026-10-09 18:17:00,C
2026-10-09,Tee,walk,14893,SIM,2026-10-09 07:09:00,C
2026-10-09,Bird,tennis,39,SIM,2026-10-09 20:31:00,C
2026-10-09,Peh,run,7.78,SIM,2026-10-09 21:50:00,D
2026-10-09,Tag,run,5.29,SIM,2026-10-09 19:17:00,D
2026-10-09,Kob,run,6.02,SIM,2026-10-09 19:36:00,D
2026-10-09,Jay,run,6.95,SIM,2026-10-09 21:56:00,D
2026-10-09,Mork,treadmill,2.47,SIM,2026-10-09 06:57:00,D
2026-10-09,O,walk,8097,SIM,2026-10-09 20:38:00,E
2026-10-09,Oam,walk,3349,SIM,2026-10-09 07:33:00,E
2026-10-09,Bee,swim,32,SIM,2026-10-09 12:36:00,E
2026-10-09,Kim,bike,17.8,SIM,2026-10-09 13:19:00,E
2026-10-09,Not,run,9.05,SIM,2026-10-09 06:50:00,F
2026-10-09,Nummon,run,6.59,SIM,2026-10-09 07:09:00,F
2026-10-09,P'Aey,run,3.00,SIM,2026-10-09 13:54:00,F
2026-10-09,Tomz,walk,10186,SIM,2026-10-09 18:49:00,F
2026-10-09,Ozone,treadmill,6.02,SIM,2026-10-09 13:00:00,F
2026-10-09,Time,football,40,SIM,2026-10-09 07:14:00,G
2026-10-09,Nui,treadmill,2.20,SIM,2026-10-09 08:06:00,G
2026-10-09,Koon,walk,4744,SIM,2026-10-09 07:15:00,G
2026-10-09,Aor,bike,18.7,SIM,2026-10-09 06:42:00,G
2026-10-09,Golf,run,9.04,SIM,2026-10-09 07:29:00,G
2026-10-09,Ploy,basketball,73,SIM,2026-10-09 21:41:00,G
2026-10-10,Pong,bike,16.7,SIM,2026-10-10 06:54:00,A
2026-10-10,Giftfy,walk,7079,SIM,2026-10-10 06:50:00,A
2026-10-10,Yean,walk,4238,SIM,2026-10-10 07:47:00,A
2026-10-10,Namtan,treadmill,3.31,SIM,2026-10-10 06:30:00,A
2026-10-10,IFon,run,3.70,SIM,2026-10-10 21:11:00,A
2026-10-10,Pok,bike,20.3,SIM,2026-10-10 22:56:00,B
2026-10-10,Ann,run,3.67,SIM,2026-10-10 13:53:00,B
2026-10-10,Nutty,bike,8.8,SIM,2026-10-10 20:48:00,B
2026-10-10,PukPick,treadmill,3.48,SIM,2026-10-10 07:51:00,B
2026-10-10,Koi,swim,30,SIM,2026-10-10 06:41:00,B
2026-10-10,May,treadmill,4.43,SIM,2026-10-10 18:10:00,C
2026-10-10,Thailand,walk,10842,SIM,2026-10-10 21:49:00,C
2026-10-10,Gib,tennis,42,SIM,2026-10-10 06:28:00,C
2026-10-10,KhaiMook,tennis,53,SIM,2026-10-10 19:06:00,C
2026-10-10,Tee,walk,10248,SIM,2026-10-10 07:08:00,C
2026-10-10,Bird,walk,7668,SIM,2026-10-10 20:49:00,C
2026-10-10,Peh,run,5.03,SIM,2026-10-10 21:53:00,D
2026-10-10,Tag,run,6.24,SIM,2026-10-10 18:26:00,D
2026-10-10,Kob,run,5.47,SIM,2026-10-10 20:39:00,D
2026-10-10,Jay,walk,11537,SIM,2026-10-10 22:14:00,D
2026-10-10,Mork,run,3.91,SIM,2026-10-10 07:01:00,D
2026-10-10,O,tennis,65,SIM,2026-10-10 19:18:00,E
2026-10-10,Oam,walk,6055,SIM,2026-10-10 06:50:00,E
2026-10-10,Bee,run,3.64,SIM,2026-10-10 13:26:00,E
2026-10-10,Kim,gym,44,SIM,2026-10-10 13:38:00,E
2026-10-10,Bun,run,4.50,SIM,2026-10-10 06:53:00,E
2026-10-10,Not,run,8.86,SIM,2026-10-10 06:20:00,F
2026-10-10,Nummon,run,5.19,SIM,2026-10-10 07:28:00,F
2026-10-10,P'Aey,treadmill,4.34,SIM,2026-10-10 13:15:00,F
2026-10-10,Tomz,walk,8532,SIM,2026-10-10 18:13:00,F
2026-10-10,Ozone,run,4.23,SIM,2026-10-10 12:07:00,F
2026-10-10,Time,treadmill,1.84,SIM,2026-10-10 07:02:00,G
2026-10-10,Nui,treadmill,1.93,SIM,2026-10-10 07:00:00,G
2026-10-10,Koon,walk,9436,SIM,2026-10-10 07:36:00,G
2026-10-10,Aor,bike,18.5,SIM,2026-10-10 06:15:00,G
2026-10-10,Golf,run,3.82,SIM,2026-10-10 07:18:00,G
2026-10-10,Ploy,run,5.60,SIM,2026-10-10 21:23:00,G
2026-10-11,Giftfy,walk,3843,SIM,2026-10-11 07:21:00,A
2026-10-11,Yean,treadmill,3.72,SIM,2026-10-11 07:19:00,A
2026-10-11,Namtan,treadmill,3.23,SIM,2026-10-11 06:58:00,A
2026-10-11,IFon,run,3.22,SIM,2026-10-11 20:25:00,A
2026-10-11,Pok,run,1.85,SIM,2026-10-11 21:54:00,B
2026-10-11,Ann,run,1.85,SIM,2026-10-11 13:34:00,B
2026-10-11,Nutty,treadmill,5.05,SIM,2026-10-11 21:01:00,B
2026-10-11,PukPick,walk,5769,SIM,2026-10-11 07:02:00,B
2026-10-11,Koi,swim,60,SIM,2026-10-11 06:46:00,B
2026-10-11,May,walk,13125,SIM,2026-10-11 19:58:00,C
2026-10-11,Thailand,walk,11773,SIM,2026-10-11 21:37:00,C
2026-10-11,KhaiMook,tennis,43,SIM,2026-10-11 19:49:00,C
2026-10-11,Tee,walk,5866,SIM,2026-10-11 06:57:00,C
2026-10-11,Bird,tennis,103,SIM,2026-10-11 20:53:00,C
2026-10-11,Peh,run,3.86,SIM,2026-10-11 22:49:00,D
2026-10-11,Tag,run,4.02,SIM,2026-10-11 19:24:00,D
2026-10-11,Kob,run,6.23,SIM,2026-10-11 20:40:00,D
2026-10-11,Jay,run,4.90,SIM,2026-10-11 21:59:00,D
2026-10-11,Mork,run,8.05,SIM,2026-10-11 06:23:00,D
2026-10-11,O,walk,9332,SIM,2026-10-11 19:04:00,E
2026-10-11,Oam,walk,3456,SIM,2026-10-11 06:12:00,E
2026-10-11,Bee,swim,46,SIM,2026-10-11 12:19:00,E
2026-10-11,Kim,gym,76,SIM,2026-10-11 12:11:00,E
2026-10-11,Bun,run,2.10,SIM,2026-10-11 06:15:00,E
2026-10-11,Not,run,6.38,SIM,2026-10-11 07:55:00,F
2026-10-11,Nummon,run,4.06,SIM,2026-10-11 08:49:00,F
2026-10-11,P'Aey,run,6.45,SIM,2026-10-11 13:50:00,F
2026-10-11,Tomz,walk,8556,SIM,2026-10-11 18:09:00,F
2026-10-11,Ozone,treadmill,5.87,SIM,2026-10-11 13:24:00,F
2026-10-11,Time,treadmill,2.88,SIM,2026-10-11 07:34:00,G
2026-10-11,Nui,treadmill,2.73,SIM,2026-10-11 07:39:00,G
2026-10-11,Koon,walk,3881,SIM,2026-10-11 06:06:00,G
2026-10-11,Aor,run,8.60,SIM,2026-10-11 07:10:00,G
2026-10-11,Ploy,basketball,27,SIM,2026-10-11 21:17:00,G
2026-10-12,Pong,run,4.79,SIM,2026-10-12 07:21:00,A
2026-10-12,Giftfy,walk,5971,SIM,2026-10-12 07:59:00,A
2026-10-12,Yean,walk,4519,SIM,2026-10-12 08:05:00,A
2026-10-12,Namtan,treadmill,5.77,SIM,2026-10-12 07:33:00,A
2026-10-12,IFon,run,9.02,SIM,2026-10-12 20:26:00,A
2026-10-12,Pok,run,3.48,SIM,2026-10-12 22:35:00,B
2026-10-12,Ann,run,2.01,SIM,2026-10-12 12:13:00,B
2026-10-12,Nutty,bike,16.4,SIM,2026-10-12 21:47:00,B
2026-10-12,PukPick,walk,6598,SIM,2026-10-12 06:28:00,B
2026-10-12,Koi,swim,33,SIM,2026-10-12 06:42:00,B
2026-10-12,May,walk,9349,SIM,2026-10-12 19:31:00,C
2026-10-12,Thailand,treadmill,6.67,SIM,2026-10-12 20:56:00,C
2026-10-12,Gib,tennis,18,SIM,2026-10-12 07:03:00,C
2026-10-12,KhaiMook,tennis,58,SIM,2026-10-12 18:02:00,C
2026-10-12,Tee,walk,8207,SIM,2026-10-12 06:50:00,C
2026-10-12,Bird,bike,16.6,SIM,2026-10-12 19:42:00,C
2026-10-12,Peh,run,8.89,SIM,2026-10-12 21:39:00,D
2026-10-12,Tag,run,7.77,SIM,2026-10-12 18:35:00,D
2026-10-12,Mork,run,2.39,SIM,2026-10-12 07:59:00,D
2026-10-12,O,tennis,37,SIM,2026-10-12 20:33:00,E
2026-10-12,Oam,walk,5420,SIM,2026-10-12 06:00:00,E
2026-10-12,Bee,swim,36,SIM,2026-10-12 12:11:00,E
2026-10-12,Kim,gym,40,SIM,2026-10-12 13:33:00,E
2026-10-12,Bun,run,2.10,SIM,2026-10-12 07:30:00,E
2026-10-12,Not,run,7.63,SIM,2026-10-12 07:21:00,F
2026-10-12,Nummon,run,6.06,SIM,2026-10-12 07:44:00,F
2026-10-12,P'Aey,bike,23.5,SIM,2026-10-12 13:17:00,F
2026-10-12,Ozone,treadmill,4.76,SIM,2026-10-12 12:54:00,F
2026-10-12,Time,treadmill,2.52,SIM,2026-10-12 07:28:00,G
2026-10-12,Nui,treadmill,2.37,SIM,2026-10-12 08:07:00,G
2026-10-12,Koon,walk,3950,SIM,2026-10-12 06:47:00,G
2026-10-12,Aor,run,3.87,SIM,2026-10-12 06:46:00,G
2026-10-12,Ploy,basketball,23,SIM,2026-10-12 21:06:00,G
2026-10-13,Pong,bike,15.3,SIM,2026-10-13 07:06:00,A
2026-10-13,Giftfy,badminton,27,SIM,2026-10-13 07:00:00,A
2026-10-13,Yean,walk,3595,SIM,2026-10-13 08:07:00,A
2026-10-13,Namtan,treadmill,6.13,SIM,2026-10-13 07:55:00,A
2026-10-13,IFon,run,9.47,SIM,2026-10-13 21:52:00,A
2026-10-13,Pok,run,3.15,SIM,2026-10-13 22:40:00,B
2026-10-13,Ann,run,1.80,SIM,2026-10-13 13:07:00,B
2026-10-13,PukPick,walk,6693,SIM,2026-10-13 06:47:00,B
2026-10-13,Koi,swim,64,SIM,2026-10-13 06:27:00,B
2026-10-13,May,walk,11777,SIM,2026-10-13 18:37:00,C
2026-10-13,Thailand,walk,6313,SIM,2026-10-13 21:49:00,C
2026-10-13,Gib,run,2.09,SIM,2026-10-13 06:50:00,C
2026-10-13,KhaiMook,tennis,50,SIM,2026-10-13 19:06:00,C
2026-10-13,Tee,jumprope,51,SIM,2026-10-13 06:47:00,C
2026-10-13,Bird,tennis,38,SIM,2026-10-13 19:53:00,C
2026-10-13,Peh,run,7.79,SIM,2026-10-13 21:44:00,D
2026-10-13,Tag,run,3.28,SIM,2026-10-13 19:46:00,D
2026-10-13,Kob,run,2.65,SIM,2026-10-13 20:08:00,D
2026-10-13,Jay,run,3.65,SIM,2026-10-13 21:22:00,D
2026-10-13,Mork,run,4.73,SIM,2026-10-13 06:29:00,D
2026-10-13,O,tennis,47,SIM,2026-10-13 20:20:00,E
2026-10-13,Oam,walk,5573,SIM,2026-10-13 07:09:00,E
2026-10-13,Bee,swim,41,SIM,2026-10-13 12:36:00,E
2026-10-13,Kim,gym,24,SIM,2026-10-13 12:34:00,E
2026-10-13,Bun,run,4.59,SIM,2026-10-13 07:23:00,E
2026-10-13,Not,run,7.12,SIM,2026-10-13 06:15:00,F
2026-10-13,P'Aey,bike,21.2,SIM,2026-10-13 13:06:00,F
2026-10-13,Tomz,bike,20.6,SIM,2026-10-13 18:58:00,F
2026-10-13,Ozone,treadmill,3.67,SIM,2026-10-13 12:18:00,F
2026-10-13,Time,walk,5675,SIM,2026-10-13 06:23:00,G
2026-10-13,Nui,treadmill,3.93,SIM,2026-10-13 08:17:00,G
2026-10-13,Koon,walk,7645,SIM,2026-10-13 06:53:00,G
2026-10-13,Aor,bike,30.2,SIM,2026-10-13 07:10:00,G
2026-10-13,Golf,run,6.88,SIM,2026-10-13 08:27:00,G
2026-10-13,Ploy,run,5.55,SIM,2026-10-13 22:02:00,G
2026-10-14,Pong,run,4.62,SIM,2026-10-14 06:52:00,A
2026-10-14,Giftfy,walk,8072,SIM,2026-10-14 06:07:00,A
2026-10-14,Yean,walk,6961,SIM,2026-10-14 07:04:00,A
2026-10-14,Namtan,treadmill,4.71,SIM,2026-10-14 07:48:00,A
2026-10-14,IFon,run,3.54,SIM,2026-10-14 21:14:00,A
2026-10-14,Pok,run,4.52,SIM,2026-10-14 21:08:00,B
2026-10-14,Ann,run,1.44,SIM,2026-10-14 12:25:00,B
2026-10-14,Nutty,run,2.11,SIM,2026-10-14 21:02:00,B
2026-10-14,PukPick,walk,6913,SIM,2026-10-14 07:54:00,B
2026-10-14,Koi,swim,63,SIM,2026-10-14 07:03:00,B
2026-10-14,May,walk,10406,SIM,2026-10-14 19:00:00,C
2026-10-14,Thailand,bike,27.2,SIM,2026-10-14 21:49:00,C
2026-10-14,Gib,tennis,40,SIM,2026-10-14 06:27:00,C
2026-10-14,KhaiMook,tennis,31,SIM,2026-10-14 18:07:00,C
2026-10-14,Tee,walk,5585,SIM,2026-10-14 06:28:00,C
2026-10-14,Bird,bike,14.3,SIM,2026-10-14 19:39:00,C
2026-10-14,Peh,run,7.46,SIM,2026-10-14 21:30:00,D
2026-10-14,Tag,run,5.46,SIM,2026-10-14 19:16:00,D
2026-10-14,Kob,treadmill,4.02,SIM,2026-10-14 19:28:00,D
2026-10-14,Jay,run,3.46,SIM,2026-10-14 22:48:00,D
2026-10-14,Mork,run,7.19,SIM,2026-10-14 07:34:00,D
2026-10-14,O,tennis,64,SIM,2026-10-14 20:34:00,E
2026-10-14,Oam,walk,7666,SIM,2026-10-14 07:29:00,E
2026-10-14,Bee,swim,30,SIM,2026-10-14 12:27:00,E
2026-10-14,Kim,bike,16.7,SIM,2026-10-14 13:25:00,E
2026-10-14,Bun,treadmill,4.04,SIM,2026-10-14 06:16:00,E
2026-10-14,Not,run,8.14,SIM,2026-10-14 06:30:00,F
2026-10-14,Nummon,walk,15584,SIM,2026-10-14 08:33:00,F
2026-10-14,P'Aey,jumprope,70,SIM,2026-10-14 13:11:00,F
2026-10-14,Tomz,run,6.54,SIM,2026-10-14 19:15:00,F
2026-10-14,Ozone,treadmill,6.36,SIM,2026-10-14 12:15:00,F
2026-10-14,Time,treadmill,1.91,SIM,2026-10-14 07:33:00,G
2026-10-14,Koon,bike,10.0,SIM,2026-10-14 06:45:00,G
2026-10-14,Aor,run,6.26,SIM,2026-10-14 07:58:00,G
2026-10-14,Golf,bike,17.7,SIM,2026-10-14 07:11:00,G
2026-10-14,Ploy,basketball,31,SIM,2026-10-14 22:41:00,G
2026-10-15,Pong,run,7.22,SIM,2026-10-15 07:16:00,A
2026-10-15,Giftfy,treadmill,4.99,SIM,2026-10-15 07:26:00,A
2026-10-15,Yean,walk,3402,SIM,2026-10-15 07:59:00,A
2026-10-15,IFon,jumprope,62,SIM,2026-10-15 21:17:00,A
2026-10-15,Ann,run,4.30,SIM,2026-10-15 13:30:00,B
2026-10-15,Nutty,bike,9.8,SIM,2026-10-15 21:01:00,B
2026-10-15,PukPick,walk,3552,SIM,2026-10-15 07:58:00,B
2026-10-15,Koi,swim,59,SIM,2026-10-15 07:52:00,B
2026-10-15,May,walk,7176,SIM,2026-10-15 18:58:00,C
2026-10-15,Thailand,treadmill,5.46,SIM,2026-10-15 21:04:00,C
2026-10-15,Gib,tennis,47,SIM,2026-10-15 06:58:00,C
2026-10-15,KhaiMook,tennis,40,SIM,2026-10-15 19:23:00,C
2026-10-15,Bird,tennis,61,SIM,2026-10-15 19:58:00,C
2026-10-15,Peh,run,8.50,SIM,2026-10-15 22:18:00,D
2026-10-15,Tag,run,7.63,SIM,2026-10-15 18:56:00,D
2026-10-15,Kob,run,7.14,SIM,2026-10-15 19:22:00,D
2026-10-15,Jay,jumprope,66,SIM,2026-10-15 22:49:00,D
2026-10-15,Mork,run,6.64,SIM,2026-10-15 06:15:00,D
2026-10-15,O,treadmill,2.36,SIM,2026-10-15 19:44:00,E
2026-10-15,Bee,swim,15,SIM,2026-10-15 13:33:00,E
2026-10-15,Kim,treadmill,3.05,SIM,2026-10-15 13:42:00,E
2026-10-15,Bun,run,4.46,SIM,2026-10-15 06:02:00,E
2026-10-15,Not,run,6.64,SIM,2026-10-15 07:40:00,F
2026-10-15,Nummon,run,4.70,SIM,2026-10-15 08:58:00,F
2026-10-15,Ozone,treadmill,4.81,SIM,2026-10-15 13:48:00,F
2026-10-15,Nui,treadmill,2.77,SIM,2026-10-15 08:18:00,G
2026-10-15,Aor,bike,11.9,SIM,2026-10-15 06:58:00,G
2026-10-15,Golf,run,9.44,SIM,2026-10-15 08:46:00,G
2026-10-16,Pong,run,5.83,SIM,2026-10-16 07:11:00,A
2026-10-16,Giftfy,walk,3765,SIM,2026-10-16 07:26:00,A
2026-10-16,Yean,walk,6265,SIM,2026-10-16 08:32:00,A
2026-10-16,Namtan,treadmill,3.47,SIM,2026-10-16 07:30:00,A
2026-10-16,IFon,run,3.52,SIM,2026-10-16 21:24:00,A
2026-10-16,Pok,bike,11.6,SIM,2026-10-16 21:14:00,B
2026-10-16,Ann,walk,7753,SIM,2026-10-16 12:51:00,B
2026-10-16,Nutty,treadmill,4.04,SIM,2026-10-16 20:17:00,B
2026-10-16,PukPick,walk,4242,SIM,2026-10-16 07:38:00,B
2026-10-16,Koi,swim,63,SIM,2026-10-16 06:47:00,B
2026-10-16,May,walk,7474,SIM,2026-10-16 19:34:00,C
2026-10-16,Thailand,walk,4927,SIM,2026-10-16 21:02:00,C
2026-10-16,Gib,tennis,39,SIM,2026-10-16 07:18:00,C
2026-10-16,KhaiMook,tennis,29,SIM,2026-10-16 19:37:00,C
2026-10-16,Tee,walk,7020,SIM,2026-10-16 07:28:00,C
2026-10-16,Peh,run,4.17,SIM,2026-10-16 22:09:00,D
2026-10-16,Tag,run,4.48,SIM,2026-10-16 19:23:00,D
2026-10-16,Kob,run,8.45,SIM,2026-10-16 20:55:00,D
2026-10-16,Jay,run,4.44,SIM,2026-10-16 22:08:00,D
2026-10-16,Mork,run,8.14,SIM,2026-10-16 07:12:00,D
2026-10-16,O,treadmill,4.61,SIM,2026-10-16 20:57:00,E
2026-10-16,Oam,walk,8272,SIM,2026-10-16 06:42:00,E
2026-10-16,Bee,swim,14,SIM,2026-10-16 13:33:00,E
2026-10-16,Kim,gym,84,SIM,2026-10-16 12:53:00,E
2026-10-16,Bun,run,4.83,SIM,2026-10-16 07:14:00,E
2026-10-16,Not,bike,12.8,SIM,2026-10-16 06:14:00,F
2026-10-16,Nummon,run,6.81,SIM,2026-10-16 08:38:00,F
2026-10-16,P'Aey,treadmill,2.31,SIM,2026-10-16 13:29:00,F
2026-10-16,Tomz,walk,5205,SIM,2026-10-16 19:41:00,F
2026-10-16,Ozone,treadmill,4.81,SIM,2026-10-16 12:25:00,F
2026-10-16,Time,treadmill,3.52,SIM,2026-10-16 06:43:00,G
2026-10-16,Nui,treadmill,2.21,SIM,2026-10-16 08:59:00,G
2026-10-16,Koon,walk,8384,SIM,2026-10-16 06:07:00,G
2026-10-16,Aor,walk,14698,SIM,2026-10-16 07:43:00,G
2026-10-16,Golf,run,6.67,SIM,2026-10-16 07:08:00,G
2026-10-17,Pong,run,3.28,SIM,2026-10-17 06:35:00,A
2026-10-17,Giftfy,walk,7745,SIM,2026-10-17 07:41:00,A
2026-10-17,Yean,walk,7105,SIM,2026-10-17 07:55:00,A
2026-10-17,Namtan,treadmill,2.30,SIM,2026-10-17 06:05:00,A
2026-10-17,IFon,run,2.73,SIM,2026-10-17 20:47:00,A
2026-10-17,Pok,run,3.34,SIM,2026-10-17 22:44:00,B
2026-10-17,Ann,run,2.15,SIM,2026-10-17 13:03:00,B
2026-10-17,Nutty,run,4.23,SIM,2026-10-17 21:06:00,B
2026-10-17,PukPick,walk,2757,SIM,2026-10-17 07:32:00,B
2026-10-17,Koi,swim,48,SIM,2026-10-17 07:55:00,B
2026-10-17,May,run,7.48,SIM,2026-10-17 18:28:00,C
2026-10-17,Thailand,basketball,41,SIM,2026-10-17 20:12:00,C
2026-10-17,Gib,tennis,17,SIM,2026-10-17 06:57:00,C
2026-10-17,KhaiMook,tennis,24,SIM,2026-10-17 19:26:00,C
2026-10-17,Tee,walk,10368,SIM,2026-10-17 06:34:00,C
2026-10-17,Bird,tennis,57,SIM,2026-10-17 20:54:00,C
2026-10-17,Peh,run,6.38,SIM,2026-10-17 22:38:00,D
2026-10-17,Tag,run,7.59,SIM,2026-10-17 18:34:00,D
2026-10-17,Kob,run,8.76,SIM,2026-10-17 19:52:00,D
2026-10-17,Jay,run,2.89,SIM,2026-10-17 21:49:00,D
2026-10-17,Mork,run,2.96,SIM,2026-10-17 07:22:00,D
2026-10-17,Bee,swim,48,SIM,2026-10-17 12:29:00,E
2026-10-17,Kim,gym,67,SIM,2026-10-17 13:04:00,E
2026-10-17,Not,treadmill,2.94,SIM,2026-10-17 07:18:00,F
2026-10-17,Nummon,run,5.47,SIM,2026-10-17 08:43:00,F
2026-10-17,P'Aey,run,3.47,SIM,2026-10-17 13:40:00,F
2026-10-17,Tomz,walk,6863,SIM,2026-10-17 18:01:00,F
2026-10-17,Ozone,run,5.99,SIM,2026-10-17 13:17:00,F
2026-10-17,Time,run,2.37,SIM,2026-10-17 06:29:00,G
2026-10-17,Nui,bike,8.0,SIM,2026-10-17 08:29:00,G
2026-10-17,Koon,walk,8885,SIM,2026-10-17 06:14:00,G
2026-10-17,Golf,run,3.75,SIM,2026-10-17 07:52:00,G
2026-10-17,Ploy,basketball,63,SIM,2026-10-17 22:07:00,G
2026-10-18,Pong,run,5.94,SIM,2026-10-18 06:13:00,A
2026-10-18,Giftfy,walk,3653,SIM,2026-10-18 06:02:00,A
2026-10-18,Yean,walk,3979,SIM,2026-10-18 08:58:00,A
2026-10-18,Namtan,treadmill,5.89,SIM,2026-10-18 07:43:00,A
2026-10-18,IFon,run,8.56,SIM,2026-10-18 21:19:00,A
2026-10-18,Pok,run,4.16,SIM,2026-10-18 22:46:00,B
2026-10-18,Ann,run,2.35,SIM,2026-10-18 13:51:00,B
2026-10-18,Nutty,jumprope,20,SIM,2026-10-18 21:36:00,B
2026-10-18,PukPick,walk,3487,SIM,2026-10-18 07:30:00,B
2026-10-18,Koi,swim,65,SIM,2026-10-18 06:50:00,B
2026-10-18,May,walk,13054,SIM,2026-10-18 18:37:00,C
2026-10-18,Thailand,run,5.96,SIM,2026-10-18 21:26:00,C
2026-10-18,Gib,tennis,46,SIM,2026-10-18 06:51:00,C
2026-10-18,KhaiMook,tennis,52,SIM,2026-10-18 18:26:00,C
2026-10-18,Tee,walk,12606,SIM,2026-10-18 06:36:00,C
2026-10-18,Bird,tennis,50,SIM,2026-10-18 20:40:00,C
2026-10-18,Peh,run,8.64,SIM,2026-10-18 21:53:00,D
2026-10-18,Tag,run,7.01,SIM,2026-10-18 19:13:00,D
2026-10-18,Kob,run,5.13,SIM,2026-10-18 19:41:00,D
2026-10-18,Mork,run,8.14,SIM,2026-10-18 07:39:00,D
2026-10-18,O,tennis,68,SIM,2026-10-18 19:12:00,E
2026-10-18,Oam,walk,7468,SIM,2026-10-18 06:26:00,E
2026-10-18,Bee,bike,12.5,SIM,2026-10-18 12:34:00,E
2026-10-18,Kim,gym,41,SIM,2026-10-18 13:49:00,E
2026-10-18,Bun,run,3.05,SIM,2026-10-18 06:41:00,E
2026-10-18,Not,treadmill,3.86,SIM,2026-10-18 06:36:00,F
2026-10-18,Nummon,run,2.78,SIM,2026-10-18 08:39:00,F
2026-10-18,P'Aey,run,3.53,SIM,2026-10-18 13:38:00,F
2026-10-18,Tomz,walk,8965,SIM,2026-10-18 19:10:00,F
2026-10-18,Ozone,treadmill,3.66,SIM,2026-10-18 13:18:00,F
2026-10-18,Time,treadmill,2.21,SIM,2026-10-18 07:42:00,G
2026-10-18,Nui,treadmill,2.29,SIM,2026-10-18 07:49:00,G
2026-10-18,Koon,badminton,33,SIM,2026-10-18 06:04:00,G
2026-10-18,Aor,bike,31.5,SIM,2026-10-18 07:11:00,G
2026-10-18,Golf,run,4.20,SIM,2026-10-18 08:02:00,G
2026-10-18,Ploy,basketball,72,SIM,2026-10-18 21:23:00,G
2026-10-19,Pong,walk,9561,SIM,2026-10-19 07:28:00,A
2026-10-19,Giftfy,walk,6979,SIM,2026-10-19 06:36:00,A
2026-10-19,Yean,walk,5854,SIM,2026-10-19 07:47:00,A
2026-10-19,Namtan,treadmill,4.27,SIM,2026-10-19 06:26:00,A
2026-10-19,IFon,run,7.44,SIM,2026-10-19 21:54:00,A
2026-10-19,Pok,run,1.81,SIM,2026-10-19 21:00:00,B
2026-10-19,Ann,badminton,35,SIM,2026-10-19 13:14:00,B
2026-10-19,Nutty,bike,14.9,SIM,2026-10-19 21:13:00,B
2026-10-19,PukPick,walk,5400,SIM,2026-10-19 06:33:00,B
2026-10-19,Koi,swim,24,SIM,2026-10-19 06:38:00,B
2026-10-19,May,walk,10392,SIM,2026-10-19 19:30:00,C
2026-10-19,Thailand,walk,11373,SIM,2026-10-19 21:22:00,C
2026-10-19,KhaiMook,tennis,26,SIM,2026-10-19 19:58:00,C
2026-10-19,Tee,walk,8331,SIM,2026-10-19 06:57:00,C
2026-10-19,Bird,tennis,104,SIM,2026-10-19 20:59:00,C
2026-10-19,Peh,run,4.18,SIM,2026-10-19 21:20:00,D
2026-10-19,Tag,run,5.56,SIM,2026-10-19 18:15:00,D
2026-10-19,Kob,run,4.94,SIM,2026-10-19 19:46:00,D
2026-10-19,Jay,walk,4221,SIM,2026-10-19 22:31:00,D
2026-10-19,Mork,run,7.88,SIM,2026-10-19 06:56:00,D
2026-10-19,O,walk,4704,SIM,2026-10-19 19:37:00,E
2026-10-19,Oam,walk,8004,SIM,2026-10-19 06:42:00,E
2026-10-19,Bee,treadmill,3.59,SIM,2026-10-19 12:50:00,E
2026-10-19,Kim,gym,83,SIM,2026-10-19 12:57:00,E
2026-10-19,Bun,run,3.20,SIM,2026-10-19 07:45:00,E
2026-10-19,Not,treadmill,2.92,SIM,2026-10-19 07:17:00,F
2026-10-19,Nummon,run,6.99,SIM,2026-10-19 08:09:00,F
2026-10-19,P'Aey,run,6.60,SIM,2026-10-19 13:33:00,F
2026-10-19,Tomz,walk,9146,SIM,2026-10-19 18:02:00,F
2026-10-19,Ozone,treadmill,2.48,SIM,2026-10-19 12:05:00,F
2026-10-19,Time,run,1.65,SIM,2026-10-19 06:29:00,G
2026-10-19,Nui,treadmill,2.90,SIM,2026-10-19 07:02:00,G
2026-10-19,Koon,bike,10.0,SIM,2026-10-19 06:53:00,G
2026-10-19,Aor,treadmill,5.62,SIM,2026-10-19 06:51:00,G
2026-10-19,Golf,run,5.30,SIM,2026-10-19 08:54:00,G
2026-10-19,Ploy,basketball,25,SIM,2026-10-19 22:37:00,G
2026-10-20,Pong,run,5.96,SIM,2026-10-20 07:12:00,A
2026-10-20,Yean,walk,3154,SIM,2026-10-20 07:38:00,A
2026-10-20,Namtan,treadmill,3.26,SIM,2026-10-20 06:11:00,A
2026-10-20,IFon,run,6.70,SIM,2026-10-20 21:35:00,A
2026-10-20,Pok,run,5.80,SIM,2026-10-20 21:07:00,B
2026-10-20,Ann,run,2.43,SIM,2026-10-20 13:50:00,B
2026-10-20,Nutty,bike,14.8,SIM,2026-10-20 21:13:00,B
2026-10-20,PukPick,treadmill,3.22,SIM,2026-10-20 07:36:00,B
2026-10-20,Koi,swim,64,SIM,2026-10-20 07:16:00,B
2026-10-20,May,basketball,49,SIM,2026-10-20 19:20:00,C
2026-10-20,Thailand,bike,18.5,SIM,2026-10-20 21:57:00,C
2026-10-20,Gib,walk,6936,SIM,2026-10-20 06:18:00,C
2026-10-20,KhaiMook,tennis,48,SIM,2026-10-20 19:28:00,C
2026-10-20,Tee,walk,14034,SIM,2026-10-20 07:43:00,C
2026-10-20,Bird,tennis,50,SIM,2026-10-20 19:14:00,C
2026-10-20,Peh,run,4.67,SIM,2026-10-20 21:51:00,D
2026-10-20,Tag,run,5.94,SIM,2026-10-20 18:46:00,D
2026-10-20,Kob,bike,10.9,SIM,2026-10-20 19:16:00,D
2026-10-20,Jay,run,4.65,SIM,2026-10-20 22:48:00,D
2026-10-20,Mork,run,3.65,SIM,2026-10-20 07:05:00,D
2026-10-20,O,tennis,24,SIM,2026-10-20 20:10:00,E
2026-10-20,Oam,walk,6010,SIM,2026-10-20 06:22:00,E
2026-10-20,Bee,swim,37,SIM,2026-10-20 13:30:00,E
2026-10-20,Kim,gym,34,SIM,2026-10-20 12:17:00,E
2026-10-20,Bun,walk,7103,SIM,2026-10-20 06:57:00,E
2026-10-20,Not,run,7.24,SIM,2026-10-20 07:21:00,F
2026-10-20,Nummon,walk,14077,SIM,2026-10-20 08:52:00,F
2026-10-20,P'Aey,run,3.53,SIM,2026-10-20 12:10:00,F
2026-10-20,Tomz,jumprope,82,SIM,2026-10-20 19:37:00,F
2026-10-20,Ozone,treadmill,4.83,SIM,2026-10-20 12:27:00,F
2026-10-20,Time,bike,17.5,SIM,2026-10-20 06:54:00,G
2026-10-20,Nui,treadmill,3.19,SIM,2026-10-20 07:37:00,G
2026-10-20,Koon,walk,3586,SIM,2026-10-20 07:19:00,G
2026-10-20,Aor,bike,17.5,SIM,2026-10-20 07:32:00,G
2026-10-20,Golf,treadmill,7.83,SIM,2026-10-20 08:07:00,G
2026-10-21,Pong,bike,17.3,SIM,2026-10-21 07:33:00,A
2026-10-21,Giftfy,walk,6325,SIM,2026-10-21 07:16:00,A
2026-10-21,Namtan,treadmill,5.90,SIM,2026-10-21 07:31:00,A
2026-10-21,IFon,run,2.90,SIM,2026-10-21 21:02:00,A
2026-10-21,Ann,run,4.44,SIM,2026-10-21 12:02:00,B
2026-10-21,Nutty,bike,7.5,SIM,2026-10-21 20:05:00,B
2026-10-21,PukPick,walk,3133,SIM,2026-10-21 06:00:00,B
2026-10-21,Koi,swim,65,SIM,2026-10-21 07:37:00,B
2026-10-21,May,walk,8604,SIM,2026-10-21 19:59:00,C
2026-10-21,Thailand,walk,11011,SIM,2026-10-21 20:19:00,C
2026-10-21,Gib,tennis,40,SIM,2026-10-21 07:05:00,C
2026-10-21,KhaiMook,tennis,30,SIM,2026-10-21 19:56:00,C
2026-10-21,Tee,walk,7417,SIM,2026-10-21 06:26:00,C
2026-10-21,Bird,bike,23.2,SIM,2026-10-21 20:01:00,C
2026-10-21,Peh,run,7.84,SIM,2026-10-21 22:59:00,D
2026-10-21,Tag,treadmill,5.18,SIM,2026-10-21 18:48:00,D
2026-10-21,Kob,treadmill,3.65,SIM,2026-10-21 20:59:00,D
2026-10-21,Jay,run,4.43,SIM,2026-10-21 22:04:00,D
2026-10-21,Mork,run,2.47,SIM,2026-10-21 06:35:00,D
2026-10-21,Oam,walk,5555,SIM,2026-10-21 07:40:00,E
2026-10-21,Bee,treadmill,3.03,SIM,2026-10-21 13:59:00,E
2026-10-21,Kim,gym,67,SIM,2026-10-21 12:36:00,E
2026-10-21,Bun,run,5.29,SIM,2026-10-21 06:57:00,E
2026-10-21,Not,run,7.30,SIM,2026-10-21 06:11:00,F
2026-10-21,Nummon,run,4.15,SIM,2026-10-21 07:53:00,F
2026-10-21,P'Aey,run,6.22,SIM,2026-10-21 13:26:00,F
2026-10-21,Tomz,walk,7826,SIM,2026-10-21 18:45:00,F
2026-10-21,Ozone,treadmill,6.20,SIM,2026-10-21 12:51:00,F
2026-10-21,Time,walk,8750,SIM,2026-10-21 07:17:00,G
2026-10-21,Nui,treadmill,4.31,SIM,2026-10-21 08:53:00,G
2026-10-21,Koon,walk,3901,SIM,2026-10-21 06:54:00,G
2026-10-21,Aor,bike,16.0,SIM,2026-10-21 06:06:00,G
2026-10-21,Ploy,basketball,25,SIM,2026-10-21 21:50:00,G
2026-10-22,Pong,run,7.38,SIM,2026-10-22 07:08:00,A
2026-10-22,Giftfy,walk,9274,SIM,2026-10-22 06:17:00,A
2026-10-22,Yean,walk,4805,SIM,2026-10-22 08:59:00,A
2026-10-22,Namtan,treadmill,5.86,SIM,2026-10-22 07:55:00,A
2026-10-22,IFon,jumprope,51,SIM,2026-10-22 20:58:00,A
2026-10-22,Pok,run,1.82,SIM,2026-10-22 22:50:00,B
2026-10-22,Ann,run,4.36,SIM,2026-10-22 13:50:00,B
2026-10-22,Nutty,jumprope,50,SIM,2026-10-22 21:44:00,B
2026-10-22,PukPick,walk,6280,SIM,2026-10-22 07:12:00,B
2026-10-22,Koi,swim,47,SIM,2026-10-22 07:16:00,B
2026-10-22,May,treadmill,5.89,SIM,2026-10-22 19:00:00,C
2026-10-22,Thailand,basketball,46,SIM,2026-10-22 21:09:00,C
2026-10-22,Gib,tennis,26,SIM,2026-10-22 06:43:00,C
2026-10-22,KhaiMook,bike,13.9,SIM,2026-10-22 19:30:00,C
2026-10-22,Tee,walk,5711,SIM,2026-10-22 07:38:00,C
2026-10-22,Bird,tennis,46,SIM,2026-10-22 19:47:00,C
2026-10-22,Peh,run,5.51,SIM,2026-10-22 21:07:00,D
2026-10-22,Tag,run,5.06,SIM,2026-10-22 19:36:00,D
2026-10-22,Kob,run,6.14,SIM,2026-10-22 20:38:00,D
2026-10-22,Mork,run,3.50,SIM,2026-10-22 06:02:00,D
2026-10-22,O,tennis,44,SIM,2026-10-22 20:02:00,E
2026-10-22,Oam,run,2.57,SIM,2026-10-22 06:46:00,E
2026-10-22,Bee,swim,20,SIM,2026-10-22 13:41:00,E
2026-10-22,Kim,gym,37,SIM,2026-10-22 12:06:00,E
2026-10-22,Bun,run,3.20,SIM,2026-10-22 07:03:00,E
2026-10-22,Not,bike,20.4,SIM,2026-10-22 06:15:00,F
2026-10-22,P'Aey,run,2.19,SIM,2026-10-22 13:49:00,F
2026-10-22,Tomz,walk,7648,SIM,2026-10-22 19:00:00,F
2026-10-22,Ozone,treadmill,3.32,SIM,2026-10-22 12:47:00,F
2026-10-22,Time,treadmill,2.93,SIM,2026-10-22 06:34:00,G
2026-10-22,Nui,treadmill,1.71,SIM,2026-10-22 08:12:00,G
2026-10-22,Koon,treadmill,3.16,SIM,2026-10-22 06:37:00,G
2026-10-22,Aor,bike,24.6,SIM,2026-10-22 07:04:00,G
2026-10-22,Golf,run,6.04,SIM,2026-10-22 07:29:00,G
2026-10-22,Ploy,bike,22.1,SIM,2026-10-22 21:13:00,G
2026-10-23,Pong,run,5.04,SIM,2026-10-23 07:06:00,A
2026-10-23,Giftfy,walk,5570,SIM,2026-10-23 06:33:00,A
2026-10-23,Namtan,treadmill,5.05,SIM,2026-10-23 07:35:00,A
2026-10-23,IFon,run,7.14,SIM,2026-10-23 20:43:00,A
2026-10-23,Pok,treadmill,3.52,SIM,2026-10-23 21:11:00,B
2026-10-23,Ann,run,2.87,SIM,2026-10-23 12:54:00,B
2026-10-23,Nutty,bike,21.6,SIM,2026-10-23 21:11:00,B
2026-10-23,PukPick,walk,4681,SIM,2026-10-23 06:31:00,B
2026-10-23,May,walk,12323,SIM,2026-10-23 18:51:00,C
2026-10-23,Thailand,walk,12446,SIM,2026-10-23 20:47:00,C
2026-10-23,Gib,tennis,27,SIM,2026-10-23 07:04:00,C
2026-10-23,KhaiMook,tennis,39,SIM,2026-10-23 18:46:00,C
2026-10-23,Tee,walk,16032,SIM,2026-10-23 06:08:00,C
2026-10-23,Bird,tennis,31,SIM,2026-10-23 20:42:00,C
2026-10-23,Peh,run,5.03,SIM,2026-10-23 22:27:00,D
2026-10-23,Tag,treadmill,3.19,SIM,2026-10-23 18:14:00,D
2026-10-23,Jay,treadmill,2.25,SIM,2026-10-23 22:46:00,D
2026-10-23,Mork,run,4.06,SIM,2026-10-23 07:22:00,D
2026-10-23,O,tennis,55,SIM,2026-10-23 20:42:00,E
2026-10-23,Oam,walk,4023,SIM,2026-10-23 07:31:00,E
2026-10-23,Bee,swim,48,SIM,2026-10-23 12:56:00,E
2026-10-23,Kim,run,6.70,SIM,2026-10-23 13:06:00,E
2026-10-23,Bun,run,2.32,SIM,2026-10-23 07:43:00,E
2026-10-23,Not,run,4.66,SIM,2026-10-23 07:38:00,F
2026-10-23,Nummon,treadmill,3.06,SIM,2026-10-23 07:56:00,F
2026-10-23,P'Aey,run,3.25,SIM,2026-10-23 12:42:00,F
2026-10-23,Tomz,walk,9405,SIM,2026-10-23 19:01:00,F
2026-10-23,Ozone,treadmill,6.74,SIM,2026-10-23 13:39:00,F
2026-10-23,Time,treadmill,3.09,SIM,2026-10-23 06:05:00,G
2026-10-23,Nui,treadmill,2.68,SIM,2026-10-23 07:46:00,G
2026-10-23,Koon,walk,5277,SIM,2026-10-23 07:14:00,G
2026-10-23,Aor,bike,13.0,SIM,2026-10-23 06:39:00,G
2026-10-23,Golf,run,4.73,SIM,2026-10-23 07:50:00,G
2026-10-23,Ploy,basketball,58,SIM,2026-10-23 22:12:00,G
2026-10-24,Pong,run,5.64,SIM,2026-10-24 07:02:00,A
2026-10-24,Giftfy,walk,6430,SIM,2026-10-24 07:25:00,A
2026-10-24,Yean,walk,5418,SIM,2026-10-24 08:53:00,A
2026-10-24,Namtan,treadmill,2.55,SIM,2026-10-24 06:32:00,A
2026-10-24,IFon,run,6.81,SIM,2026-10-24 21:25:00,A
2026-10-24,Pok,run,1.98,SIM,2026-10-24 21:22:00,B
2026-10-24,Ann,run,2.73,SIM,2026-10-24 13:47:00,B
2026-10-24,Nutty,bike,13.7,SIM,2026-10-24 20:50:00,B
2026-10-24,PukPick,treadmill,3.18,SIM,2026-10-24 06:55:00,B
2026-10-24,Koi,treadmill,2.40,SIM,2026-10-24 07:11:00,B
2026-10-24,May,bike,22.5,SIM,2026-10-24 18:50:00,C
2026-10-24,Thailand,walk,8848,SIM,2026-10-24 20:10:00,C
2026-10-24,KhaiMook,tennis,39,SIM,2026-10-24 19:55:00,C
2026-10-24,Bird,tennis,27,SIM,2026-10-24 20:59:00,C
2026-10-24,Peh,run,3.36,SIM,2026-10-24 22:02:00,D
2026-10-24,Tag,run,6.47,SIM,2026-10-24 19:10:00,D
2026-10-24,Kob,run,7.22,SIM,2026-10-24 19:21:00,D
2026-10-24,Jay,run,5.98,SIM,2026-10-24 22:21:00,D
2026-10-24,Mork,run,2.94,SIM,2026-10-24 07:55:00,D
2026-10-24,O,tennis,37,SIM,2026-10-24 19:45:00,E
2026-10-24,Oam,walk,5366,SIM,2026-10-24 07:22:00,E
2026-10-24,Bee,swim,34,SIM,2026-10-24 12:49:00,E
2026-10-24,Kim,gym,87,SIM,2026-10-24 13:37:00,E
2026-10-24,Bun,run,2.59,SIM,2026-10-24 06:19:00,E
2026-10-24,Not,run,4.92,SIM,2026-10-24 06:07:00,F
2026-10-24,Nummon,treadmill,7.18,SIM,2026-10-24 07:48:00,F
2026-10-24,P'Aey,run,4.57,SIM,2026-10-24 12:07:00,F
2026-10-24,Tomz,treadmill,2.95,SIM,2026-10-24 19:13:00,F
2026-10-24,Ozone,treadmill,5.32,SIM,2026-10-24 13:57:00,F
2026-10-24,Time,treadmill,1.95,SIM,2026-10-24 07:47:00,G
2026-10-24,Nui,treadmill,2.46,SIM,2026-10-24 08:47:00,G
2026-10-24,Koon,walk,9408,SIM,2026-10-24 06:42:00,G
2026-10-24,Aor,bike,31.8,SIM,2026-10-24 06:05:00,G
2026-10-24,Ploy,basketball,24,SIM,2026-10-24 22:08:00,G
2026-10-25,Pong,run,2.79,SIM,2026-10-25 07:53:00,A
2026-10-25,Giftfy,walk,6760,SIM,2026-10-25 06:32:00,A
2026-10-25,Yean,walk,3170,SIM,2026-10-25 08:55:00,A
2026-10-25,Namtan,treadmill,2.55,SIM,2026-10-25 07:09:00,A
2026-10-25,IFon,run,7.93,SIM,2026-10-25 21:22:00,A
2026-10-25,Pok,run,5.13,SIM,2026-10-25 22:33:00,B
2026-10-25,Ann,bike,13.9,SIM,2026-10-25 13:43:00,B
2026-10-25,Nutty,bike,13.2,SIM,2026-10-25 20:29:00,B
2026-10-25,PukPick,walk,5913,SIM,2026-10-25 06:17:00,B
2026-10-25,Koi,swim,39,SIM,2026-10-25 06:00:00,B
2026-10-25,May,walk,14274,SIM,2026-10-25 19:16:00,C
2026-10-25,Thailand,walk,13083,SIM,2026-10-25 20:47:00,C
2026-10-25,Gib,tennis,27,SIM,2026-10-25 07:44:00,C
2026-10-25,KhaiMook,tennis,56,SIM,2026-10-25 19:37:00,C
2026-10-25,Bird,tennis,70,SIM,2026-10-25 19:25:00,C
2026-10-25,Peh,treadmill,5.79,SIM,2026-10-25 22:10:00,D
2026-10-25,Tag,run,8.67,SIM,2026-10-25 18:20:00,D
2026-10-25,Jay,run,6.18,SIM,2026-10-25 22:48:00,D
2026-10-25,Mork,yoga,31,SIM,2026-10-25 06:39:00,D
2026-10-25,O,tennis,47,SIM,2026-10-25 20:27:00,E
2026-10-25,Oam,walk,7802,SIM,2026-10-25 06:44:00,E
2026-10-25,Bee,swim,31,SIM,2026-10-25 13:03:00,E
2026-10-25,Kim,treadmill,4.66,SIM,2026-10-25 12:09:00,E
2026-10-25,Bun,run,2.37,SIM,2026-10-25 07:50:00,E
2026-10-25,Not,run,5.71,SIM,2026-10-25 07:47:00,F
2026-10-25,Nummon,run,6.70,SIM,2026-10-25 08:49:00,F
2026-10-25,P'Aey,run,6.64,SIM,2026-10-25 12:41:00,F
2026-10-25,Tomz,walk,12035,SIM,2026-10-25 18:40:00,F
2026-10-25,Ozone,treadmill,3.70,SIM,2026-10-25 12:14:00,F
2026-10-25,Time,treadmill,1.94,SIM,2026-10-25 07:04:00,G
2026-10-25,Nui,walk,8673,SIM,2026-10-25 07:10:00,G
2026-10-25,Koon,walk,7642,SIM,2026-10-25 07:48:00,G
2026-10-25,Aor,run,5.69,SIM,2026-10-25 07:15:00,G
2026-10-25,Ploy,basketball,45,SIM,2026-10-25 21:34:00,G
2026-10-26,Pong,walk,7766,SIM,2026-10-26 06:13:00,A
2026-10-26,Giftfy,walk,6378,SIM,2026-10-26 06:33:00,A
2026-10-26,Yean,walk,3742,SIM,2026-10-26 07:35:00,A
2026-10-26,Namtan,treadmill,3.58,SIM,2026-10-26 06:16:00,A
2026-10-26,IFon,treadmill,3.53,SIM,2026-10-26 20:25:00,A
2026-10-26,Pok,run,5.22,SIM,2026-10-26 22:01:00,B
2026-10-26,Ann,walk,7135,SIM,2026-10-26 12:24:00,B
2026-10-26,Nutty,bike,8.3,SIM,2026-10-26 20:22:00,B
2026-10-26,Koi,swim,44,SIM,2026-10-26 07:20:00,B
2026-10-26,May,walk,6028,SIM,2026-10-26 18:15:00,C
2026-10-26,Thailand,walk,4978,SIM,2026-10-26 20:20:00,C
2026-10-26,Gib,tennis,34,SIM,2026-10-26 07:30:00,C
2026-10-26,KhaiMook,tennis,37,SIM,2026-10-26 18:46:00,C
2026-10-26,Tee,walk,11622,SIM,2026-10-26 07:35:00,C
2026-10-26,Bird,tennis,82,SIM,2026-10-26 19:00:00,C
2026-10-26,Peh,treadmill,5.89,SIM,2026-10-26 22:29:00,D
2026-10-26,Tag,run,8.89,SIM,2026-10-26 18:35:00,D
2026-10-26,Kob,bike,27.2,SIM,2026-10-26 19:50:00,D
2026-10-26,Jay,jumprope,39,SIM,2026-10-26 22:36:00,D
2026-10-26,O,tennis,68,SIM,2026-10-26 19:45:00,E
2026-10-26,Oam,walk,3285,SIM,2026-10-26 07:48:00,E
2026-10-26,Bee,bike,6.4,SIM,2026-10-26 12:38:00,E
2026-10-26,Kim,bike,16.6,SIM,2026-10-26 13:14:00,E
2026-10-26,Bun,bike,11.1,SIM,2026-10-26 07:09:00,E
2026-10-26,Not,run,8.74,SIM,2026-10-26 07:06:00,F
2026-10-26,P'Aey,run,5.30,SIM,2026-10-26 12:21:00,F
2026-10-26,Tomz,walk,11037,SIM,2026-10-26 19:29:00,F
2026-10-26,Ozone,run,3.95,SIM,2026-10-26 13:13:00,F
2026-10-26,Time,treadmill,4.36,SIM,2026-10-26 07:45:00,G
2026-10-26,Nui,treadmill,4.13,SIM,2026-10-26 08:40:00,G
2026-10-26,Koon,walk,4123,SIM,2026-10-26 07:47:00,G
2026-10-26,Aor,bike,12.1,SIM,2026-10-26 07:05:00,G
2026-10-26,Golf,run,7.46,SIM,2026-10-26 08:38:00,G
2026-10-26,Ploy,basketball,50,SIM,2026-10-26 21:14:00,G
2026-10-27,Pong,run,6.94,SIM,2026-10-27 06:48:00,A
2026-10-27,Giftfy,badminton,45,SIM,2026-10-27 06:56:00,A
2026-10-27,Yean,treadmill,4.14,SIM,2026-10-27 08:04:00,A
2026-10-27,Namtan,badminton,68,SIM,2026-10-27 06:18:00,A
2026-10-27,IFon,run,5.18,SIM,2026-10-27 20:54:00,A
2026-10-27,Pok,run,3.90,SIM,2026-10-27 21:45:00,B
2026-10-27,Ann,run,3.76,SIM,2026-10-27 12:52:00,B
2026-10-27,Nutty,bike,10.8,SIM,2026-10-27 21:59:00,B
2026-10-27,PukPick,bike,10.6,SIM,2026-10-27 06:56:00,B
2026-10-27,Koi,swim,57,SIM,2026-10-27 07:32:00,B
2026-10-27,May,walk,13937,SIM,2026-10-27 18:49:00,C
2026-10-27,Thailand,basketball,88,SIM,2026-10-27 21:34:00,C
2026-10-27,KhaiMook,treadmill,2.65,SIM,2026-10-27 18:12:00,C
2026-10-27,Tee,walk,9770,SIM,2026-10-27 06:24:00,C
2026-10-27,Bird,tennis,27,SIM,2026-10-27 19:46:00,C
2026-10-27,Peh,run,6.88,SIM,2026-10-27 22:39:00,D
2026-10-27,Tag,run,6.79,SIM,2026-10-27 18:58:00,D
2026-10-27,Oam,walk,8562,SIM,2026-10-27 06:41:00,E
2026-10-27,Bee,swim,26,SIM,2026-10-27 12:12:00,E
2026-10-27,Kim,gym,68,SIM,2026-10-27 12:11:00,E
2026-10-27,Bun,run,3.18,SIM,2026-10-27 06:55:00,E
2026-10-27,Not,bike,16.2,SIM,2026-10-27 06:45:00,F
2026-10-27,Nummon,run,5.56,SIM,2026-10-27 08:42:00,F
2026-10-27,P'Aey,run,4.26,SIM,2026-10-27 12:11:00,F
2026-10-27,Tomz,treadmill,3.41,SIM,2026-10-27 19:04:00,F
2026-10-27,Ozone,treadmill,5.76,SIM,2026-10-27 12:16:00,F
2026-10-27,Time,walk,5286,SIM,2026-10-27 07:05:00,G
2026-10-27,Nui,treadmill,2.99,SIM,2026-10-27 07:12:00,G
2026-10-27,Koon,walk,4869,SIM,2026-10-27 07:07:00,G
2026-10-27,Aor,bike,28.7,SIM,2026-10-27 06:28:00,G
2026-10-27,Ploy,basketball,20,SIM,2026-10-27 22:40:00,G
2026-10-28,Pong,run,2.54,SIM,2026-10-28 06:50:00,A
2026-10-28,Giftfy,walk,7311,SIM,2026-10-28 06:59:00,A
2026-10-28,Yean,walk,3133,SIM,2026-10-28 08:04:00,A
2026-10-28,Namtan,treadmill,4.79,SIM,2026-10-28 06:07:00,A
2026-10-28,Pok,run,5.50,SIM,2026-10-28 22:28:00,B
2026-10-28,Ann,run,2.51,SIM,2026-10-28 13:51:00,B
2026-10-28,Nutty,treadmill,4.44,SIM,2026-10-28 21:24:00,B
2026-10-28,Koi,treadmill,4.65,SIM,2026-10-28 06:55:00,B
2026-10-28,May,walk,7032,SIM,2026-10-28 18:43:00,C
2026-10-28,Thailand,basketball,25,SIM,2026-10-28 21:20:00,C
2026-10-28,Gib,tennis,31,SIM,2026-10-28 07:56:00,C
2026-10-28,KhaiMook,tennis,16,SIM,2026-10-28 18:44:00,C
2026-10-28,Tee,run,8.44,SIM,2026-10-28 07:22:00,C
2026-10-28,Bird,tennis,69,SIM,2026-10-28 19:38:00,C
2026-10-28,Peh,run,5.03,SIM,2026-10-28 22:44:00,D
2026-10-28,Tag,run,2.82,SIM,2026-10-28 19:49:00,D
2026-10-28,Kob,run,8.49,SIM,2026-10-28 20:43:00,D
2026-10-28,Jay,bike,9.7,SIM,2026-10-28 22:06:00,D
2026-10-28,Mork,run,8.02,SIM,2026-10-28 07:15:00,D
2026-10-28,O,treadmill,2.59,SIM,2026-10-28 19:15:00,E
2026-10-28,Bee,run,3.99,SIM,2026-10-28 12:11:00,E
2026-10-28,Kim,gym,81,SIM,2026-10-28 12:39:00,E
2026-10-28,Bun,run,3.50,SIM,2026-10-28 07:18:00,E
2026-10-28,Not,run,8.93,SIM,2026-10-28 07:23:00,F
2026-10-28,Nummon,run,5.53,SIM,2026-10-28 08:40:00,F
2026-10-28,P'Aey,run,5.91,SIM,2026-10-28 13:55:00,F
2026-10-28,Tomz,walk,6843,SIM,2026-10-28 19:26:00,F
2026-10-28,Time,treadmill,1.56,SIM,2026-10-28 07:50:00,G
2026-10-28,Nui,treadmill,1.67,SIM,2026-10-28 07:04:00,G
2026-10-28,Koon,badminton,61,SIM,2026-10-28 06:27:00,G
2026-10-28,Aor,bike,19.0,SIM,2026-10-28 07:35:00,G
2026-10-28,Golf,run,9.73,SIM,2026-10-28 07:13:00,G
2026-10-28,Ploy,basketball,39,SIM,2026-10-28 22:52:00,G
2026-10-29,Pong,walk,13017,SIM,2026-10-29 07:05:00,A
2026-10-29,Giftfy,walk,5129,SIM,2026-10-29 07:48:00,A
2026-10-29,Yean,walk,7363,SIM,2026-10-29 07:47:00,A
2026-10-29,Namtan,bike,9.4,SIM,2026-10-29 07:24:00,A
2026-10-29,IFon,treadmill,5.38,SIM,2026-10-29 21:48:00,A
2026-10-29,Pok,gym,53,SIM,2026-10-29 22:25:00,B
2026-10-29,Ann,run,4.22,SIM,2026-10-29 13:53:00,B
2026-10-29,Nutty,bike,12.3,SIM,2026-10-29 21:05:00,B
2026-10-29,PukPick,jumprope,19,SIM,2026-10-29 06:26:00,B
2026-10-29,Koi,run,2.06,SIM,2026-10-29 06:54:00,B
2026-10-29,May,walk,11751,SIM,2026-10-29 19:38:00,C
2026-10-29,Thailand,basketball,79,SIM,2026-10-29 20:10:00,C
2026-10-29,Gib,tennis,44,SIM,2026-10-29 07:55:00,C
2026-10-29,KhaiMook,tennis,51,SIM,2026-10-29 18:41:00,C
2026-10-29,Tee,walk,7576,SIM,2026-10-29 07:06:00,C
2026-10-29,Bird,tennis,82,SIM,2026-10-29 20:00:00,C
2026-10-29,Peh,run,6.74,SIM,2026-10-29 21:14:00,D
2026-10-29,Tag,treadmill,5.77,SIM,2026-10-29 19:05:00,D
2026-10-29,Kob,run,4.25,SIM,2026-10-29 19:21:00,D
2026-10-29,Jay,run,2.32,SIM,2026-10-29 22:51:00,D
2026-10-29,Mork,run,7.11,SIM,2026-10-29 06:35:00,D
2026-10-29,O,tennis,81,SIM,2026-10-29 20:39:00,E
2026-10-29,Oam,walk,5100,SIM,2026-10-29 07:56:00,E
2026-10-29,Bee,swim,20,SIM,2026-10-29 13:59:00,E
2026-10-29,Bun,run,1.66,SIM,2026-10-29 07:46:00,E
2026-10-29,Not,run,7.73,SIM,2026-10-29 07:26:00,F
2026-10-29,Nummon,run,7.92,SIM,2026-10-29 08:14:00,F
2026-10-29,P'Aey,treadmill,5.66,SIM,2026-10-29 12:43:00,F
2026-10-29,Tomz,walk,6772,SIM,2026-10-29 18:29:00,F
2026-10-29,Time,walk,5500,SIM,2026-10-29 06:00:00,G
2026-10-29,Nui,treadmill,1.99,SIM,2026-10-29 08:29:00,G
2026-10-29,Koon,walk,5385,SIM,2026-10-29 06:35:00,G
2026-10-29,Aor,bike,15.0,SIM,2026-10-29 06:35:00,G
2026-10-29,Golf,run,5.31,SIM,2026-10-29 07:59:00,G
2026-10-29,Ploy,basketball,72,SIM,2026-10-29 21:05:00,G
2026-10-30,Giftfy,run,2.86,SIM,2026-10-30 06:18:00,A
2026-10-30,Yean,walk,4753,SIM,2026-10-30 08:11:00,A
2026-10-30,Namtan,treadmill,5.81,SIM,2026-10-30 07:39:00,A
2026-10-30,IFon,run,5.25,SIM,2026-10-30 20:39:00,A
2026-10-30,Pok,run,3.99,SIM,2026-10-30 22:04:00,B
2026-10-30,Ann,run,4.55,SIM,2026-10-30 12:08:00,B
2026-10-30,Nutty,bike,21.1,SIM,2026-10-30 20:59:00,B
2026-10-30,PukPick,walk,3681,SIM,2026-10-30 07:48:00,B
2026-10-30,Koi,run,2.47,SIM,2026-10-30 06:37:00,B
2026-10-30,May,walk,9928,SIM,2026-10-30 19:21:00,C
2026-10-30,Thailand,walk,12012,SIM,2026-10-30 21:32:00,C
2026-10-30,Gib,tennis,30,SIM,2026-10-30 07:42:00,C
2026-10-30,KhaiMook,tennis,57,SIM,2026-10-30 18:01:00,C
2026-10-30,Tee,walk,7641,SIM,2026-10-30 06:25:00,C
2026-10-30,Bird,tennis,54,SIM,2026-10-30 20:01:00,C
2026-10-30,Peh,bike,11.8,SIM,2026-10-30 21:57:00,D
2026-10-30,Tag,run,6.03,SIM,2026-10-30 19:01:00,D
2026-10-30,Kob,jumprope,78,SIM,2026-10-30 19:03:00,D
2026-10-30,Jay,run,4.88,SIM,2026-10-30 21:36:00,D
2026-10-30,Mork,run,5.32,SIM,2026-10-30 06:42:00,D
2026-10-30,O,tennis,33,SIM,2026-10-30 20:45:00,E
2026-10-30,Oam,walk,8158,SIM,2026-10-30 07:34:00,E
2026-10-30,Kim,gym,25,SIM,2026-10-30 13:47:00,E
2026-10-30,Bun,run,4.59,SIM,2026-10-30 07:55:00,E
2026-10-30,Not,run,7.16,SIM,2026-10-30 06:42:00,F
2026-10-30,Nummon,run,3.88,SIM,2026-10-30 07:06:00,F
2026-10-30,P'Aey,run,2.30,SIM,2026-10-30 13:56:00,F
2026-10-30,Tomz,run,7.75,SIM,2026-10-30 19:12:00,F
2026-10-30,Ozone,treadmill,2.96,SIM,2026-10-30 13:11:00,F
2026-10-30,Time,walk,6381,SIM,2026-10-30 06:21:00,G
2026-10-30,Nui,run,3.23,SIM,2026-10-30 08:47:00,G
2026-10-30,Koon,bike,14.9,SIM,2026-10-30 07:09:00,G
2026-10-30,Aor,bike,23.4,SIM,2026-10-30 06:34:00,G
2026-10-30,Golf,run,7.67,SIM,2026-10-30 08:05:00,G
2026-10-30,Ploy,basketball,69,SIM,2026-10-30 21:47:00,G
